,mapped_veh_id,timestamps_UTC,lat,lon,RS_E_InAirTemp_PC1,RS_E_InAirTemp_PC2,RS_E_OilPress_PC1,RS_E_OilPress_PC2,RS_E_RPM_PC1,RS_E_RPM_PC2,RS_E_WatTemp_PC1,RS_E_WatTemp_PC2,RS_T_OilTemp_PC1,RS_T_OilTemp_PC2,z_outlier
1023854,116,2023-02-02 14:43:20+00:00,51.0414675,3.6828253,25.0,12.0,210.0,175.0,805.0,801.0,77.0,76.0,79.0,75.0,False
4034268,164,2023-03-23 13:55:53+00:00,50.9306726,5.3280687,18.0,25.0,251.0,251.0,800.0,799.0,81.0,81.0,76.0,78.0,False
9999631,155,2023-05-09 05:48:34+00:00,50.7456505,3.6126193,22.0,25.0,434.0,420.0,1430.0,1359.0,70.0,73.0,70.0,75.0,False
7440351,155,2023-07-24 15:09:29+00:00,50.9432511,3.7762196,37.0,40.0,265.0,289.0,1278.0,1261.0,89.0,90.0,90.0,92.0,False
7134125,116,2023-03-17 06:34:48+00:00,51.0159882,3.7747509,48.0,53.0,0.0,3.0,0.0,0.0,77.0,75.0,79.0,76.0,False
12693169,123,2023-02-09 05:44:31+00:00,50.9902996,5.3488053,34.0,29.0,372.0,362.0,1950.0,1569.0,79.0,78.0,81.0,82.0,False
15100662,164,2023-03-18 11:13:37+00:00,50.9365939,5.3066801,23.0,17.0,262.0,255.0,806.0,799.0,82.0,81.0,76.0,77.0,False
16596413,116,2023-02-10 04:50:06+00:00,51.1327406,3.654947,36.0,46.0,386.0,358.0,1542.0,1534.0,76.0,75.0,76.0,74.0,False
15638032,175,2023-04-11 07:39:12+00:00,51.1466661,4.5270962,27.0,28.0,379.0,451.0,1913.0,1935.0,82.0,82.0,83.0,84.0,False
8503544,116,2023-08-22 13:16:29+00:00,51.0402975,3.6935944,41.0,42.0,200.0,172.0,806.0,796.0,82.0,78.0,84.0,81.0,False
10986869,116,2023-02-08 08:00:02+00:00,51.0012456,3.6606361,27.0,39.0,348.0,341.0,1910.0,1915.0,85.0,80.0,87.0,84.0,False
1461590,164,2023-08-18 20:15:09+00:00,51.168331,4.9845898,42.0,43.0,382.5,365.0,1909.0,0.0,85.0,82.0,83.5,85.0,False
11145720,164,2023-07-31 16:15:22+00:00,51.1741441,4.9011297,42.0,35.0,217.0,217.0,795.0,798.0,81.0,79.0,81.0,82.0,False
9748679,123,2023-04-08 18:45:36+00:00,51.1418261,5.2214861,37.0,33.0,355.0,362.0,1899.0,1892.0,81.0,81.0,81.0,85.0,False
9764902,116,2023-07-11 20:39:21+00:00,50.9712776,3.7919885,41.0,36.0,196.0,162.0,799.0,798.0,82.0,85.0,89.0,87.0,False
3024287,123,2023-02-15 14:50:36+00:00,51.1923829,5.1252871,32.0,34.0,393.0,386.0,1498.0,1503.0,81.0,81.0,84.0,87.0,False
15593586,155,2023-08-14 12:14:35+00:00,51.0404012,3.692944,30.0,29.0,438.0,477.5,799.0,803.0,50.0,46.0,46.0,45.5,False
1661105,116,2023-05-19 06:22:22+00:00,51.0315565,3.7269677,34.0,35.0,189.0,169.0,799.0,800.0,82.0,82.0,86.0,87.0,False
2644009,116,2023-02-13 09:43:24+00:00,51.0398801,3.6932791,17.0,29.0,220.0,175.0,804.0,794.0,77.0,76.0,77.0,74.0,False
11728591,175,2023-06-28 06:21:02+00:00,51.2460876,5.5419029,27.0,20.0,231.0,286.0,801.0,800.0,82.0,82.0,83.0,81.0,False
2570204,116,2023-03-28 11:42:32+00:00,50.7692162,3.8721011,5.0,4.0,0.0,24.0,0.0,0.0,5.0,2.0,5.0,2.0,True
9971459,155,2023-05-05 13:25:05+00:00,51.0351805,3.713199,26.0,31.0,272.0,286.0,802.0,799.0,70.0,72.0,69.0,69.0,False
3739001,175,2023-08-18 06:39:57+00:00,51.2053868,5.249714,23.0,32.0,210.0,255.0,800.0,796.0,82.0,81.0,81.0,82.0,False
6109247,116,2023-02-01 15:57:40+00:00,50.868404,3.8146472,34.0,12.0,200.0,165.0,798.0,795.0,79.0,81.0,80.0,84.0,False
15693692,175,2023-06-09 06:29:57+00:00,51.190512,5.1134726,24.0,27.0,224.0,265.0,800.0,800.0,82.0,82.0,80.0,81.0,False
11541545,175,2023-03-31 16:37:13+00:00,51.0378191,5.286335,27.0,27.0,372.0,445.0,1853.0,1839.0,84.0,83.0,88.0,87.0,False
6903367,116,2023-04-24 08:19:28+00:00,51.0398479,3.6933929,22.0,25.0,241.0,172.0,808.0,793.0,77.0,76.0,76.0,75.0,False
2736164,155,2023-06-16 16:42:25+00:00,50.851043,3.601031,31.0,41.0,189.0,210.0,810.0,798.0,84.0,86.0,84.0,85.0,False
7486736,123,2023-05-16 16:47:54+00:00,51.1744659,4.8979416,50.0,48.0,358.0,382.0,1498.0,1499.0,81.0,86.0,82.0,88.0,False
5444678,164,2023-02-06 11:34:44+00:00,51.0359083,5.3065235,31.0,25.0,393.0,351.0,1676.0,1684.0,84.0,85.0,84.0,85.0,False
7224343,164,2023-01-23 14:45:49+00:00,51.1806335,4.8271113,17.0,8.0,438.0,417.0,1918.0,1950.0,81.0,80.0,77.0,80.0,False
7365254,155,2023-04-23 09:01:53+00:00,50.7423743,3.6027098,18.0,31.0,213.0,227.0,803.0,797.0,76.0,80.0,79.0,82.0,False
9375849,175,2023-08-04 00:43:58+00:00,51.1907662,5.1138025,18.0,16.0,231.0,279.0,795.0,804.0,82.0,83.0,82.0,81.0,False
4940220,123,2023-04-08 16:17:39+00:00,51.1809661,4.8279754,36.0,33.0,189.0,186.0,818.0,804.0,78.0,80.0,81.0,84.0,False
3291950,164,2023-08-11 08:45:50+00:00,51.1599535,5.1833167,50.0,40.0,327.6666666666667,0.0,1346.3333333333333,272.6666666666667,85.0,27.666666666666668,82.0,82.33333333333333,True
10133422,164,2023-06-30 22:35:32+00:00,51.1900706,5.1121465,31.0,34.0,210.0,207.0,798.0,799.0,83.0,81.0,81.0,82.0,False
4509930,116,2023-06-07 17:17:12+00:00,50.7745026,3.8731165,38.0,40.0,210.0,172.0,795.0,799.0,78.0,76.0,82.0,78.0,False
16531504,175,2023-03-27 08:35:57+00:00,51.135867,4.5605045,17.0,18.0,210.0,251.0,796.0,799.0,82.0,81.0,84.0,84.0,False
4879142,164,2023-06-30 05:30:25+00:00,51.1441183,4.5904695,35.0,41.0,403.0,376.0,1886.0,1892.0,86.0,85.0,81.0,82.0,False
151360,164,2023-06-13 20:42:09+00:00,51.1897193,5.1101359,29.0,38.0,241.0,238.0,800.0,798.0,81.0,79.0,77.0,78.0,False
4197658,155,2023-05-04 06:39:27+00:00,50.8994821,3.806554,35.0,33.0,186.0,207.0,798.0,797.0,87.0,88.0,89.0,90.0,False
8466975,164,2023-04-25 08:50:16+00:00,51.1739796,4.9035307,19.0,41.0,217.0,200.0,813.0,799.0,78.0,85.0,83.0,89.0,False
12351546,164,2023-03-30 08:53:56+00:00,51.2164967,4.4208681,20.0,32.0,238.0,234.0,800.0,801.0,81.0,79.0,79.0,79.0,False
720519,175,2023-08-17 12:55:52+00:00,51.1908109,5.1147789,31.0,36.0,203.0,255.0,801.0,802.0,83.0,81.0,85.0,83.0,False
11518070,155,2023-06-14 02:27:32+00:00,50.9490135,4.0271907,19.0,27.0,286.0,310.0,801.0,799.0,64.0,65.0,62.0,63.0,False
14019894,155,2023-08-28 07:47:27+00:00,51.0156982,3.7753675,0.0,0.0,0.0,0.0,0.0,0.0,0.0,0.0,76.0,70.0,True
2440141,164,2023-08-12 14:27:07+00:00,51.1359458,4.5604666,41.0,39.0,407.0,389.0,1515.0,1542.0,82.0,79.0,77.0,82.0,False
1598862,155,2023-06-22 08:11:32+00:00,51.0398621,3.6933183,30.0,33.0,210.0,224.0,801.0,798.0,80.0,80.0,77.0,80.0,False
10801369,155,2023-06-05 09:07:41+00:00,50.9462377,4.0325574,28.0,35.0,196.0,213.0,797.0,800.0,83.0,85.0,87.0,87.0,False
3165792,123,2023-03-06 05:29:14+00:00,51.150489,4.6165127,33.0,33.0,193.0,179.0,807.0,789.0,76.0,82.0,0.0,82.0,True
17117633,155,2023-09-12 11:43:34+00:00,51.0398777,3.6941704,36.0,38.0,241.0,269.0,804.0,798.0,72.0,70.0,71.0,70.0,False
12403624,175,2023-07-04 17:17:38+00:00,51.1809664,4.4582735,33.0,41.0,389.0,455.0,1438.0,1455.0,82.0,82.0,83.0,83.0,False
17003226,164,2023-07-01 11:35:24+00:00,51.13770689999999,4.5695912,38.0,20.0,389.0,230.66666666666663,1498.6666666666667,532.3333333333334,86.0,53.333333333333336,84.66666666666667,76.66666666666667,False
16218725,123,2023-05-11 14:47:31+00:00,51.1998228,4.4326638,36.0,37.0,389.0,379.0,1499.0,1494.0,79.0,83.0,82.0,83.0,False
15570962,116,2023-08-22 15:25:37+00:00,50.8708152,3.6237998,47.0,41.0,179.0,162.0,800.0,803.0,86.0,85.0,93.0,90.0,False
3322190,164,2023-08-02 21:48:54+00:00,51.1905432,5.1124289,60.0,10.5,10.0,156.5,0.0,399.0,49.0,0.0,55.0,60.0,True
16990170,175,2023-07-06 12:37:07+00:00,51.0362861,5.3027335,42.0,59.0,365.0,420.0,1496.0,1498.0,86.0,90.0,89.0,90.0,False
1418058,164,2023-08-09 21:25:44+00:00,51.2163654,4.4209821,27.0,27.0,238.0,241.0,804.0,801.0,81.0,79.0,76.0,78.0,False
3887343,155,2023-06-02 13:59:21+00:00,51.0358469,3.7107571,32.0,37.0,186.0,203.0,798.0,797.0,84.0,86.0,82.0,87.0,False
2112763,155,2023-04-29 20:26:45+00:00,51.0356752,3.7106438,23.0,17.0,231.0,248.0,800.0,794.0,79.0,77.0,78.0,80.0,False
4591974,155,2023-05-23 07:51:48+00:00,51.035969,3.709824,28.0,25.0,200.0,220.0,798.0,800.0,81.0,83.0,83.0,86.0,False
11882864,116,2023-07-11 17:14:11+00:00,51.0129435,3.7783714,47.0,48.0,182.0,158.0,806.0,797.0,89.0,87.0,92.0,90.0,False
606544,175,2023-03-15 21:47:37+00:00,51.1688704,5.1653072,13.0,15.0,396.0,462.0,1864.0,1819.0,80.0,83.0,87.0,88.0,False
5790814,155,2023-05-03 02:05:10+00:00,51.0164961,3.772192,9.0,16.0,324.0,396.0,794.0,806.0,60.0,51.0,56.0,51.0,False
10162081,155,2023-04-08 08:57:03+00:00,51.0138801,3.7794088,27.0,53.0,238.0,13.0,798.0,0.0,71.0,71.0,73.0,27.0,True
6479027,175,2023-05-12 00:02:21+00:00,51.1907842,5.1136871,18.0,16.0,393.0,441.0,803.0,797.0,57.0,57.0,49.0,50.0,False
8487897,155,2023-06-20 00:11:36+00:00,51.0152737,3.7753652,22.0,28.0,476.0,489.0,795.0,800.0,40.0,41.0,29.0,31.0,True
9673503,164,2023-02-19 21:53:40+00:00,51.1689752,4.9890782,28.0,50.0,200.0,3.0,808.0,0.0,87.0,31.0,87.0,52.0,True
13894564,155,2023-06-06 16:13:30+00:00,50.7705413,3.8719915,41.0,34.0,182.0,203.0,799.0,795.0,86.0,87.0,87.0,86.0,False
14303172,116,2023-09-13 03:35:52+00:00,50.9260718,3.7846661,41.0,41.0,227.0,182.0,949.0,1016.0,89.0,87.0,92.0,89.0,False
17492354,116,2023-04-28 14:34:22+00:00,50.824503,3.9945473,40.0,38.0,369.0,313.0,1692.0,1521.0,80.0,83.0,91.0,88.0,False
1167278,116,2023-02-28 01:43:13+00:00,51.0143115,3.7785883,17.0,31.0,189.0,179.0,789.0,793.0,87.0,76.0,85.0,74.0,False
13280782,164,2023-04-01 03:19:59+00:00,51.1622159,4.7000011,31.0,15.0,399.6666666666667,0.0,1847.3333333333333,0.0,82.0,54.0,80.66666666666667,81.66666666666667,False
8996380,175,2023-05-04 15:09:30+00:00,51.1695084,4.9520305,41.0,51.0,386.0,448.0,1624.0,1784.0,83.0,87.0,87.0,87.0,False
14691173,175,2023-02-28 07:18:23+00:00,51.138965,5.2275577,27.0,17.0,379.0,469.0,1883.0,1915.0,82.0,85.0,83.0,83.0,False
10575481,175,2023-03-31 16:04:09+00:00,51.1907847,5.1147324,15.0,18.0,244.0,272.0,795.0,790.0,78.0,81.0,76.0,79.0,False
14665059,155,2023-02-28 05:29:16+00:00,50.8545369,3.6053658,8.0,4.0,320.0,355.0,803.0,802.0,57.0,53.0,58.0,53.0,False
16284375,164,2023-08-17 13:15:04+00:00,50.9753394,5.3467983,36.5,45.0,412.0,194.5,1865.0,0.0,84.5,83.0,81.0,79.0,False
13099476,164,2023-08-09 12:36:42+00:00,51.1368026,4.5462296,40.0,0.0,382.0,0.0,1523.0,0.0,86.0,85.0,86.0,89.0,False
16454746,116,2023-06-22 15:10:42+00:00,50.80672,3.8402753,41.0,37.0,362.0,303.0,1441.0,1434.0,86.0,83.0,88.0,85.0,False
1678989,164,2023-07-01 10:40:23+00:00,51.0950829,5.2358945,42.0,28.0,379.0,238.0,1886.0,797.0,86.0,79.0,82.0,77.0,False
11347978,164,2023-08-02 05:25:59+00:00,51.2155411,4.4459569,25.0,25.0,241.0,241.0,794.0,793.0,81.0,79.0,79.0,79.0,False
13330545,175,2023-07-08 10:59:13+00:00,50.9306135,5.3281037,45.0,50.0,210.0,255.0,800.0,797.0,82.0,82.0,84.0,87.0,False
15785418,175,2023-03-18 11:20:48+00:00,50.9309354,5.3270921,27.0,20.0,213.0,262.0,794.0,801.0,81.0,82.0,83.0,82.0,False
8924847,164,2023-02-03 11:10:35+00:00,51.190337,5.11298,22.0,22.0,234.0,220.0,807.0,789.0,81.0,80.0,79.0,80.0,False
4444890,116,2023-07-12 17:23:43+00:00,50.8706365,3.8148085,38.0,46.0,193.0,165.0,794.0,801.0,83.0,82.0,86.0,85.0,False
1946763,116,2023-02-02 07:32:58+00:00,51.0315167,3.6857666,40.0,20.0,234.0,158.0,978.0,804.0,86.0,87.0,92.0,90.0,False
125092,123,2023-04-21 11:42:41+00:00,51.1921115,4.4385433,39.0,37.0,372.0,362.0,1497.0,1498.0,81.0,86.0,84.0,89.0,False
13158283,155,2023-04-25 11:39:41+00:00,50.8805184,3.812491,36.0,37.0,169.0,196.0,801.0,800.0,86.0,87.0,89.0,89.0,False
2074046,164,2023-06-28 05:29:12+00:00,51.1442706,4.5914699,36.0,43.0,400.0,376.0,1913.0,1911.0,85.0,85.0,82.0,84.0,False
11695775,155,2023-03-27 14:09:05+00:00,50.9968624,3.6503936,31.0,33.0,186.0,231.0,802.0,804.0,86.0,82.0,86.0,85.0,False
12554717,116,2023-02-16 22:52:03+00:00,51.0159043,3.7747972,52.0,59.0,0.0,3.0,0.0,0.0,72.0,71.0,73.0,73.0,False
908071,164,2023-06-22 05:29:02+00:00,50.936544,5.3067119,23.0,27.0,234.0,3.0,798.0,0.0,82.0,25.0,76.0,24.0,True
1831013,164,2023-03-27 02:38:05+00:00,51.1905902,5.1124714,8.0,18.0,244.0,234.0,796.0,794.0,83.0,81.0,76.0,79.0,False
6148880,175,2023-01-27 10:33:55+00:00,50.9362792,5.3080657,15.0,13.0,0.0,10.0,0.0,0.0,43.0,36.0,34.0,28.0,True
3213188,116,2023-06-13 19:41:17+00:00,50.9435875,3.7761386,50.0,50.0,307.0,293.0,1629.0,1792.0,90.0,88.0,94.0,93.0,False
1341981,123,2023-05-31 08:51:30+00:00,51.1718533,4.9266933,41.0,42.0,351.0,355.0,1587.0,1583.0,83.0,85.0,83.0,85.0,False
17144829,164,2023-09-05 07:22:20+00:00,51.1696611,4.7955575,35.0,38.0,231.0,234.0,796.0,797.0,82.0,81.0,82.0,84.0,False
17625786,164,2023-03-23 21:46:07+00:00,50.9897726,5.3488203,19.0,41.0,417.0,386.0,1650.0,1738.0,80.0,81.0,80.0,84.0,False
12741585,175,2023-03-24 04:40:42+00:00,51.1804899,4.4604015,18.0,23.0,207.0,251.0,801.0,800.0,81.0,82.0,84.0,84.0,False
9789304,164,2023-07-17 16:41:34+00:00,51.12744469999999,5.2494694,42.0,13.333333333333334,405.3333333333333,128.66666666666666,1625.0,0.0,85.66666666666667,0.0,83.0,86.0,True
4243753,164,2023-08-25 11:43:56+00:00,51.2081694,5.2772872,38.0,38.0,200.0,196.0,804.0,798.0,85.0,85.0,84.0,85.0,False
15583136,164,2023-08-06 04:06:31+00:00,51.1904466,5.1121856,18.0,20.0,313.0,317.0,799.0,801.0,68.0,66.0,59.0,58.0,False
5290043,116,2023-03-16 17:08:09+00:00,51.0341242,3.7156608,32.0,36.0,189.0,165.0,799.0,803.0,82.0,83.0,85.0,87.0,False
4641889,116,2023-05-02 15:20:48+00:00,50.8914903,4.0712506,31.0,43.0,207.0,165.0,805.0,797.0,80.0,78.0,84.0,82.0,False
15326511,116,2023-04-19 08:42:07+00:00,51.0132094,3.7807899,26.0,25.0,0.0,10.0,0.0,0.0,23.0,21.0,24.0,22.0,True
400742,116,2023-01-26 19:02:16+00:00,50.854809,3.6057685,21.0,15.0,210.0,172.0,795.0,792.0,78.0,82.0,81.0,84.0,False
13934653,164,2023-03-31 17:20:22+00:00,51.1225728,5.2566067,21.0,37.0,210.0,200.0,797.0,798.0,82.0,85.0,84.0,84.0,False
14885888,175,2023-03-07 05:17:39+00:00,50.9369785,5.3071267,6.0,10.0,338.0,286.0,799.0,793.0,61.0,82.0,60.0,79.0,False
6204149,175,2023-05-27 16:50:20+00:00,51.0283576,5.3519774,42.0,55.0,210.0,244.0,799.0,796.0,83.0,83.0,87.0,85.0,False
8356486,116,2023-08-18 11:27:51+00:00,51.0147205,3.7777531,40.0,57.0,189.0,0.0,794.0,0.0,80.0,75.0,84.0,77.0,False
16390798,164,2023-04-27 06:47:10+00:00,51.1957277,5.1560204,25.0,40.0,389.0,379.0,1500.0,1501.0,83.0,80.0,81.0,81.0,False
5011964,155,2023-07-19 04:08:33+00:00,50.7917046,3.8670802,40.0,35.0,234.0,251.0,827.0,796.0,72.0,75.0,70.0,73.0,False
11968137,116,2023-05-24 16:20:05+00:00,50.9430622,4.0387724,28.0,50.0,210.0,0.0,785.0,0.0,78.0,77.0,81.0,79.0,False
5994757,116,2023-06-06 11:16:58+00:00,50.9141153,3.6462235,40.0,45.0,179.0,155.0,796.0,798.0,85.0,85.0,92.0,90.0,False
6000727,175,2023-06-07 03:04:52+00:00,50.9348316,5.3132205,17.0,17.0,465.0,501.5,798.0,802.5,49.0,45.0,38.0,36.0,False
15381947,116,2023-05-26 05:28:09+00:00,51.0356657,3.7105949,24.0,41.0,207.0,172.0,807.0,803.0,80.0,77.0,84.0,82.0,False
15883442,116,2023-03-07 17:19:44+00:00,50.9994675,3.8015216,13.0,37.0,193.0,169.0,799.0,795.0,80.0,77.0,84.0,81.0,False
17378413,155,2023-02-20 03:14:58+00:00,50.7749185,3.8733141,11.0,10.0,500.0,510.0,802.0,802.0,38.0,40.0,28.0,28.0,True
13554052,155,2023-05-30 18:41:17+00:00,50.7930563,3.6206877,36.0,38.0,172.0,203.0,803.0,800.0,90.0,87.0,86.0,88.0,False
9779452,155,2023-07-05 13:50:48+00:00,51.0382557,3.6969801,35.0,35.0,238.0,234.0,799.0,798.0,73.0,80.0,70.0,81.0,False
16868494,164,2023-07-11 12:52:07+00:00,51.1738843,4.9043051,55.0,40.0,207.0,227.0,804.0,800.0,83.0,80.0,82.0,76.0,False
8202221,123,2023-02-23 15:08:45+00:00,51.1907201,5.1145396,23.0,27.0,241.0,220.0,801.0,803.0,75.0,81.0,77.0,82.0,False
5955037,175,2023-06-05 03:32:29+00:00,51.2339635,5.4397379,30.0,32.0,207.0,244.0,808.0,796.0,83.0,83.0,84.0,84.0,False
16022418,175,2023-02-24 18:02:25+00:00,51.1689675,4.9890901,31.0,26.0,196.0,244.0,798.0,803.0,83.0,86.0,91.0,92.0,False
14174212,164,2023-07-02 06:29:00+00:00,51.1419888,4.5790526,30.33333333333333,0.0,373.3333333333333,123.0,1527.0,0.0,85.33333333333333,27.666666666666668,84.66666666666667,82.33333333333333,True
5128181,155,2023-02-16 14:43:53+00:00,51.0140598,3.779067,13.0,25.0,300.0,389.0,798.0,821.0,67.0,54.0,61.0,53.0,False
6392002,164,2023-07-07 04:02:43+00:00,51.2460361,5.5412234,23.0,22.0,234.0,234.0,799.0,795.0,81.0,79.0,79.0,79.0,False
15224854,116,2023-08-16 10:18:54+00:00,51.0161041,3.7737986,34.0,33.0,224.0,175.0,805.0,798.0,79.0,77.0,79.0,74.0,False
14215145,175,2023-05-02 04:55:40+00:00,51.1913703,5.1187514,18.0,21.0,227.0,279.0,799.0,796.0,83.0,83.0,84.0,84.0,False
9348288,164,2023-01-29 12:53:18+00:00,51.1686169,4.9865495,20.0,10.0,400.0,376.0,1496.0,1500.0,85.0,86.0,82.0,85.0,False
1503194,116,2023-04-24 17:41:40+00:00,50.86885185,3.814714,34.0,38.0,189.0,153.0,795.0,804.0,83.0,82.0,85.0,85.0,False
11340225,164,2023-08-03 19:17:42+00:00,51.2458946,5.5398241,24.0,26.0,238.0,234.0,796.0,798.0,81.0,79.0,77.0,77.0,False
1970685,175,2023-01-27 00:02:37+00:00,50.9363738,5.3072758,7.0,9.0,307.0,369.0,802.0,801.0,72.0,68.0,62.0,60.0,False
12964144,123,2023-03-04 15:57:09+00:00,51.1734415,4.9093118,34.0,36.0,386.0,358.0,1932.0,1903.0,78.0,82.0,0.0,89.0,True
84371,164,2023-04-27 02:06:16+00:00,51.190161,5.1126645,8.0,13.0,244.0,231.0,801.0,797.0,80.0,81.0,73.0,78.0,False
13102274,164,2023-08-20 01:49:11+00:00,51.1903612,5.1132473,22.0,0.0,369.0,0.0,799.0,0.0,58.0,0.0,44.0,47.0,True
4917815,155,2023-07-27 03:06:31+00:00,50.742595,3.603308,22.0,29.0,231.0,234.0,801.0,797.0,72.0,77.0,71.0,79.0,False
2522343,164,2023-04-03 03:05:13+00:00,51.237392,5.4473117,10.0,40.0,420.0,396.0,1823.0,1831.0,81.0,81.0,81.0,79.0,False
7146923,155,2023-02-08 15:00:03+00:00,51.016503,3.7727064,17.0,7.0,527.0,538.0,798.0,800.0,37.0,37.0,19.0,17.0,True
15977061,155,2023-09-07 08:04:04+00:00,51.0354507,3.7112035,38.0,31.0,213.0,220.0,794.0,805.0,81.0,82.0,82.0,83.0,False
5498101,175,2023-01-29 19:30:01+00:00,51.1491073,4.6109336,26.0,28.0,396.0,462.0,1906.0,1927.0,82.0,82.0,84.0,83.0,False
12442605,116,2023-05-09 19:47:33+00:00,51.1722642,3.5876067,38.0,37.0,355.0,162.0,1496.0,797.0,85.0,84.0,86.0,88.0,False
9813915,175,2023-07-19 06:45:21+00:00,50.9368873,5.3115498,28.0,20.0,231.0,265.0,802.0,803.0,82.0,83.0,81.0,80.0,False
9100381,116,2023-02-15 16:08:46+00:00,50.9795396,3.8012435,39.0,42.0,179.0,162.0,799.0,802.0,87.0,84.0,91.0,88.0,False
10701708,155,2023-04-04 13:14:55+00:00,50.9487779,4.0286262,17.0,9.0,472.0,486.0,802.0,802.0,42.0,41.0,38.0,40.0,False
14230056,116,2023-05-26 06:50:12+00:00,50.8515273,3.6016012,18.0,33.0,372.0,358.0,1309.0,1461.0,77.0,76.0,79.0,76.0,False
8243370,155,2023-02-03 04:54:26+00:00,50.774853,3.8729353,15.0,22.0,351.0,379.0,799.0,800.0,57.0,54.0,54.0,53.0,False
737422,116,2023-08-18 06:15:48+00:00,51.020459,3.7640368,40.0,36.0,182.0,165.0,806.0,798.0,90.0,89.0,94.0,92.0,False
4030251,123,2023-03-16 04:13:17+00:00,51.2461916,5.5429531,31.0,27.0,251.0,196.0,792.0,797.0,68.0,80.0,68.0,82.0,False
13248535,155,2023-06-01 01:56:50+00:00,51.0326521,3.7396008,20.0,18.0,362.0,351.0,871.0,829.0,57.0,58.0,54.0,55.0,False
1425686,175,2023-08-08 03:36:58+00:00,51.1355409,4.5561565,27.0,19.0,207.0,258.0,799.0,800.0,85.0,85.0,86.0,85.0,False
6972524,123,2023-02-07 19:53:25+00:00,51.1902982,5.1129214,34.0,13.0,210.0,213.0,797.0,801.0,76.0,76.0,76.0,77.0,False
8591791,175,2023-04-16 22:30:24+00:00,51.1907912,5.1138212,15.0,13.0,224.0,265.0,798.0,800.0,82.0,81.0,80.0,78.0,False
4612662,123,2023-05-15 20:54:39+00:00,51.2387041,5.4615964,48.0,38.0,200.0,207.0,863.0,816.0,80.0,84.0,79.0,83.0,False
15884900,164,2023-03-28 08:59:11+00:00,51.2154741,4.4210301,13.0,29.0,238.0,238.0,801.0,802.0,81.0,79.0,77.0,77.0,False
1616267,116,2023-06-22 09:42:49+00:00,51.0156465,3.7753486,50.0,48.0,0.0,3.0,0.0,0.0,81.0,76.0,82.0,77.0,False
9490409,123,2023-04-21 02:56:36+00:00,51.1901573,5.1125476,18.0,14.0,327.0,286.0,795.0,799.0,57.0,68.0,54.0,65.0,False
4209925,175,2023-05-17 02:32:00+00:00,51.1905671,5.1123637,19.0,12.0,227.0,286.0,798.0,801.0,82.0,82.0,81.0,77.0,False
15763288,155,2023-06-15 17:18:23+00:00,51.0357922,3.7098556,38.0,38.0,179.0,203.0,796.0,802.0,88.0,87.0,87.0,87.0,False
2228069,175,2023-05-12 02:43:20+00:00,51.190793,5.1136919,26.0,17.0,231.0,279.0,799.0,800.0,82.0,82.0,79.0,80.0,False
15081792,123,2023-03-14 15:48:39+00:00,51.2461657,5.542817,25.0,30.0,220.0,200.0,803.0,801.0,75.0,80.0,77.0,81.0,False
5749269,155,2023-05-11 12:57:52+00:00,51.0007437,3.6594812,36.0,28.0,355.0,358.0,1711.0,1698.0,90.0,90.0,90.0,93.0,False
6129604,175,2023-02-13 19:35:16+00:00,51.0354213,5.3120318,26.0,16.0,196.0,234.0,808.0,1095.0,82.0,83.0,85.0,84.0,False
5301092,164,2023-03-26 19:48:08+00:00,51.2446241,5.52597,13.0,33.0,424.0,410.0,1878.0,1933.0,82.0,80.0,79.0,79.0,False
2490845,155,2023-04-14 01:07:42+00:00,51.0160049,3.7734325,11.0,9.0,279.0,334.0,799.0,797.0,64.0,60.0,61.0,55.0,False
5713138,116,2023-07-24 10:00:13+00:00,51.0358708,3.7102566,33.0,46.0,348.0,234.0,1308.0,1170.0,80.0,81.0,85.0,84.0,False
11994547,155,2023-05-16 11:33:27+00:00,51.0578699,3.7405275,37.0,31.0,186.0,200.0,805.0,797.0,88.0,88.0,87.0,88.0,False
7621625,164,2023-03-16 17:56:12+00:00,50.9370607,5.3050244,25.0,29.0,10.0,6.0,0.0,0.0,82.0,81.0,78.0,79.0,False
15212901,164,2023-08-03 03:48:05+00:00,51.2100678,5.2960136,40.0,43.0,374.0,349.5,1637.5,835.5,87.0,85.0,85.0,86.0,False
685092,164,2023-02-23 08:35:41+00:00,50.9371607,5.3009418,9.0,13.0,479.0,393.0,802.0,803.0,45.0,55.0,31.0,40.0,True
1188046,123,2023-02-03 09:27:21+00:00,51.1622202,4.7000876,35.0,34.0,372.0,379.0,1855.0,1858.0,78.0,78.0,79.0,82.0,False
2720589,175,2023-01-28 07:03:42+00:00,51.1715994,5.0068175,19.0,13.0,220.0,276.0,804.0,807.0,81.0,83.0,81.0,82.0,False
16475707,116,2023-03-22 15:50:43+00:00,50.962011450000006,3.62783865,38.0,35.0,374.0,346.5,1761.0,1799.0,80.0,80.0,87.0,85.0,False
8704999,116,2023-03-22 14:36:42+00:00,50.8433363,3.6008247,29.0,41.0,386.0,348.0,1737.0,1647.0,83.0,82.0,84.0,82.0,False
2201798,175,2023-05-25 12:09:54+00:00,51.2131282,4.4213268,30.0,31.0,403.0,462.0,1762.0,1629.0,83.0,83.0,84.0,84.0,False
8476308,116,2023-06-13 14:43:20+00:00,50.860751,3.8128829,45.0,50.0,317.0,276.0,1671.0,1688.0,89.0,85.0,89.0,87.0,False
2935081,116,2023-05-23 06:19:58+00:00,50.9931608,3.8023522,38.0,39.0,196.0,165.0,808.0,811.0,85.0,82.0,91.0,89.0,False
15962594,164,2023-01-25 17:46:07+00:00,50.9835942,5.3491206,27.0,16.0,376.0,365.0,1496.0,1519.0,81.0,83.0,83.0,87.0,False
4261953,164,2023-08-06 06:44:32+00:00,51.1826031,4.4497292,30.0,38.0,334.0,341.0,1137.0,1149.0,81.0,80.0,80.0,78.0,False
2211862,175,2023-05-03 08:47:12+00:00,51.1861094,4.8518939,30.0,22.0,389.0,451.0,1464.0,1478.0,83.0,85.0,83.0,84.0,False
1507927,155,2023-04-27 02:54:26+00:00,50.7889247,3.6206859,31.0,48.0,448.0,479.0,1919.0,1905.0,65.0,60.0,60.0,55.0,False
62431,164,2023-08-14 05:37:41+00:00,51.0384145,5.2799737,37.5,19.0,300.0,103.5,1133.5,398.5,85.0,83.5,84.5,88.0,False
10644902,164,2023-08-17 13:14:54+00:00,50.9727129,5.3458299,36.0,43.0,403.0,382.0,1811.0,1828.0,84.0,83.0,81.0,81.0,False
5454978,116,2023-02-08 07:56:08+00:00,50.996742,3.6499867,27.0,33.0,186.0,169.0,800.0,795.0,85.0,81.0,88.0,85.0,False
2302905,175,2023-02-18 17:24:59+00:00,51.0946837,5.2358316,28.0,25.0,372.0,441.0,1499.0,1500.0,82.0,82.0,86.0,87.0,False
1512730,155,2023-04-25 10:57:38+00:00,51.0353594,3.7103569,28.0,30.0,179.0,203.0,798.0,800.0,85.0,85.0,85.0,88.0,False
10740437,155,2023-04-26 05:36:54+00:00,51.0380803,3.6980335,37.0,32.0,0.0,17.0,0.0,0.0,73.0,73.0,77.0,76.0,False
305834,116,2023-02-16 18:19:02+00:00,51.031221,3.7545627,33.0,42.0,189.0,169.0,813.0,800.0,85.0,78.0,86.0,81.0,False
14463656,164,2023-08-04 06:00:10+00:00,51.1903303,5.1129614,27.0,27.0,231.0,227.0,806.0,798.0,81.0,79.0,79.0,79.0,False
10586474,164,2023-03-18 09:11:49+00:00,50.9365728,5.3066707,19.0,18.0,374.0,177.5,796.5,797.0,62.0,31.0,48.5,49.5,True
7645516,123,2023-05-19 14:57:32+00:00,51.1955716,4.4329077,41.0,37.0,217.0,217.0,800.0,795.0,77.0,81.0,77.0,81.0,False
15552066,175,2023-04-10 05:02:09+00:00,51.1905676,5.1142309,20.0,13.0,210.0,255.0,801.0,802.0,82.0,81.0,84.0,84.0,False
2789577,116,2023-03-16 19:28:09+00:00,51.0057034,3.7919004,38.0,36.0,210.0,162.0,949.0,806.0,83.0,80.0,94.0,93.0,False
374234,116,2023-07-27 16:51:30+00:00,50.7475872,3.6159773,37.0,40.0,376.0,358.0,1845.0,1822.0,80.0,78.0,85.0,82.0,False
10240449,175,2023-03-02 10:48:58+00:00,50.9910196,5.3487536,30.0,22.0,282.0,331.0,1015.0,1498.0,87.0,89.0,93.0,92.0,False
7397322,116,2023-06-14 18:13:28+00:00,51.0400356,3.6934847,33.0,40.0,213.0,179.0,806.0,802.0,78.0,77.0,80.0,77.0,False
13975534,175,2023-05-29 07:32:48+00:00,51.2156888,5.4252483,31.0,33.0,207.0,255.0,798.0,803.0,84.0,84.0,86.0,85.0,False
8225251,175,2023-02-20 13:44:14+00:00,51.181683,4.8300854,19.0,16.0,210.0,427.0,838.0,1251.0,84.0,84.0,85.0,84.0,False
4050450,175,2023-03-18 15:47:53+00:00,50.986663,5.3489841,28.0,30.0,389.0,451.0,1498.0,1500.0,83.0,85.0,82.0,84.0,False
5636572,116,2023-04-21 05:46:41+00:00,51.0771946,3.7161602,36.0,34.0,213.0,155.0,799.0,799.0,81.0,85.0,89.0,87.0,False
5424680,155,2023-02-23 01:52:56+00:00,51.0155121,3.7747777,11.0,26.0,345.0,317.0,800.0,809.0,54.0,63.0,54.0,62.0,False
14724014,123,2023-01-26 10:14:11+00:00,51.1779777,5.1472846,30.0,23.0,358.0,327.0,1255.0,1250.0,73.0,80.0,72.0,81.0,False
14519457,175,2023-03-27 19:29:08+00:00,51.1904677,5.113147,11.0,9.0,258.0,269.0,807.0,802.0,73.0,81.0,73.0,77.0,False
4121580,116,2023-07-13 05:51:46+00:00,50.8969674,4.0630892,37.0,37.0,203.0,172.0,796.0,804.0,83.0,83.0,87.0,87.0,False
618810,164,2023-03-01 15:42:52+00:00,51.1905641,5.1135583,11.0,21.0,241.0,238.0,802.0,802.0,81.0,79.0,76.0,77.0,False
578740,164,2023-03-27 05:27:14+00:00,51.1375298,4.5449068,11.0,38.0,244.0,224.0,915.0,804.0,82.0,81.0,81.0,82.0,False
2455307,116,2023-08-08 19:03:45+00:00,51.0358934,3.7105314,32.0,45.0,193.0,10.0,787.0,0.0,83.0,35.0,87.0,47.0,False
15760258,116,2023-06-12 18:35:05+00:00,50.9032173,3.8043941,48.0,53.0,331.0,255.0,1504.0,1495.0,86.0,86.0,93.0,92.0,False
10039775,175,2023-09-11 03:05:22+00:00,51.1905567,5.1122983,29.0,30.0,231.0,282.0,801.0,796.0,82.0,83.0,81.0,81.0,False
7554897,175,2023-06-06 05:53:27+00:00,50.9340134,5.3147954,22.0,41.0,217.0,255.0,798.0,806.0,82.0,83.0,84.0,84.0,False
17162295,164,2023-02-24 15:43:28+00:00,51.0831059,5.2332412,28.0,0.0,305.0,0.0,1158.5,399.0,84.0,41.5,81.5,84.5,False
131368,123,2023-04-19 06:08:36+00:00,51.1905265,5.1140554,26.0,30.0,220.0,217.0,800.0,792.0,75.0,80.0,81.0,82.0,False
16882461,175,2023-07-05 16:55:16+00:00,51.190776,5.1136099,18.0,17.0,479.0,510.0,804.0,811.0,47.0,45.0,33.0,32.0,True
1640939,116,2023-03-17 13:25:24+00:00,51.0166923,3.7720667,29.0,31.0,227.0,189.0,804.0,808.0,76.0,73.0,71.0,67.0,False
10430752,155,2023-04-20 18:50:38+00:00,51.0356843,3.7107507,19.0,22.0,193.0,227.0,791.0,794.0,80.0,79.0,81.0,82.0,False
16867430,164,2023-07-07 10:36:49+00:00,51.1808269,4.8279616,35.0,37.0,231.0,224.0,799.0,796.0,81.0,79.0,76.0,76.0,False
15406463,116,2023-05-10 16:28:59+00:00,50.9473975,3.7774502,44.0,46.0,341.0,303.0,1838.0,1829.0,88.0,87.0,95.0,93.0,False
11656906,164,2023-03-01 06:11:34+00:00,51.2067147,4.4255894,7.0,15.0,234.0,238.0,801.0,800.0,81.0,79.0,76.0,78.0,False
4599096,155,2023-05-10 15:07:50+00:00,50.816064,3.8267869,36.0,33.0,200.0,224.0,833.0,840.0,92.0,91.0,97.0,95.0,False
3195201,116,2023-06-16 13:09:43+00:00,51.0224102,3.7602458,49.0,40.0,338.0,293.0,1499.0,1495.0,88.0,81.0,89.0,87.0,False
9137576,175,2023-06-27 18:12:36+00:00,51.1927873,5.1276754,28.0,39.0,393.0,465.0,1591.0,1540.0,81.0,83.0,85.0,84.0,False
3724828,164,2023-08-27 04:45:06+00:00,51.1892296,4.8423619,22.0,0.0,324.0,0.0,1180.0,0.0,85.0,0.0,82.0,84.0,True
11492784,155,2023-06-06 11:17:21+00:00,50.9976551,3.802084,41.0,41.0,276.0,345.0,1337.0,1427.0,90.0,90.0,93.0,92.0,False
1995263,116,2023-01-26 04:07:49+00:00,50.7744328,3.8728769,11.0,4.0,331.0,269.0,801.0,800.0,57.0,56.0,49.0,47.0,False
2080886,164,2023-06-29 15:17:40+00:00,51.1907638,5.1145056,27.0,34.0,262.0,262.0,797.0,796.0,80.0,77.0,68.0,69.0,False
9125913,175,2023-02-02 15:52:58+00:00,51.1904151,5.1135677,21.0,18.0,213.0,269.0,796.0,803.0,81.0,82.0,82.0,82.0,False
2168914,164,2023-07-23 08:49:53+00:00,51.1738807,4.9044118,28.0,0.0,427.0,403.0,1906.0,0.0,82.0,0.0,84.0,84.0,True
13692926,123,2023-04-09 06:28:49+00:00,51.044541,5.2506463,36.0,33.0,345.0,358.0,1692.0,1683.0,81.0,82.0,81.0,85.0,False
15335724,175,2023-06-07 13:00:17+00:00,51.215345,4.4210326,36.0,30.0,224.0,262.0,799.0,802.0,82.0,83.0,81.0,81.0,False
8345727,164,2023-08-09 05:25:30+00:00,51.2217614,5.4371841,24.0,37.0,217.0,203.0,799.0,798.0,83.0,83.0,82.0,87.0,False
5432805,175,2023-02-21 00:56:17+00:00,51.190653,5.1130905,11.0,15.0,258.0,293.0,796.0,795.0,73.0,77.0,71.0,70.0,False
12266373,116,2023-03-17 15:07:28+00:00,51.1746083,3.5840995,34.0,35.0,196.0,172.0,807.0,792.0,80.0,77.0,82.0,76.0,False
3523190,164,2023-01-29 11:18:24+00:00,51.1811022,4.8287197,11.0,11.5,225.5,218.5,798.5,804.0,81.0,80.0,79.5,81.0,False
5461940,155,2023-02-06 14:56:52+00:00,51.1802395,3.5759526,27.0,30.0,207.0,224.0,799.0,802.0,83.0,83.0,85.0,86.0,False
14113224,164,2023-04-11 13:16:02+00:00,50.9364452,5.3073998,12.0,17.0,6.0,324.0,0.0,799.0,11.0,65.0,8.0,54.0,True
15169848,164,2023-07-07 15:19:53+00:00,51.1791203,4.4674462,50.0,48.0,351.0,338.0,1429.0,1419.0,87.0,87.0,84.0,84.0,False
317169,175,2023-02-16 13:20:24+00:00,50.9360732,5.3122114,16.0,13.0,227.0,272.0,800.0,799.0,81.0,82.0,76.0,79.0,False
10558967,116,2023-03-04 14:01:15+00:00,51.1805959,3.5754613,22.0,37.0,207.0,175.0,805.0,797.0,78.0,76.0,82.0,79.0,False
17646024,116,2023-03-17 12:49:29+00:00,51.0167134,3.7721096,26.0,27.0,293.0,255.0,799.0,794.0,63.0,58.0,58.0,52.0,False
13551080,175,2023-05-03 15:34:15+00:00,51.137386,4.5688306,34.0,40.0,207.0,248.0,1027.0,801.0,83.0,86.0,86.0,87.0,False
2865200,164,2023-07-08 15:13:39+00:00,51.1683861,4.9642427,67.0,0.0,6.0,0.0,0.0,0.0,57.0,87.0,65.0,89.0,True
2721680,116,2023-06-21 18:54:40+00:00,51.1808113,3.5752197,41.0,41.0,189.0,165.0,794.0,803.0,87.0,81.0,88.0,87.0,False
11253622,116,2023-05-17 03:42:56+00:00,50.8068428,3.9563507,44.0,46.0,358.0,320.0,1863.0,1862.0,86.0,85.0,87.0,85.0,False
6144237,164,2023-01-27 01:34:00+00:00,51.1909401,5.1141909,15.0,6.0,251.0,248.0,802.0,800.0,81.0,81.0,76.0,77.0,False
8372448,164,2023-08-17 00:22:18+00:00,50.9366712,5.3067817,23.0,23.0,265.0,262.0,803.0,798.0,78.0,76.0,68.0,69.0,False
17085262,155,2023-05-17 13:54:53+00:00,50.9952694,3.6464442,37.0,33.0,172.0,196.0,794.0,809.0,88.0,89.0,88.0,90.0,False
9891766,155,2023-09-07 05:18:59+00:00,50.7540794,3.6268544,47.0,43.0,372.0,400.0,1864.0,1847.0,84.0,81.0,81.0,81.0,False
273074,155,2023-09-12 14:54:40+00:00,50.8157302,3.8273426,38.0,40.0,362.0,376.0,1696.0,1706.0,84.0,84.0,89.0,92.0,False
1803178,164,2023-05-26 13:55:52+00:00,50.9356804,5.3108145,21.0,23.0,420.0,438.0,798.0,801.0,56.0,52.0,40.0,43.0,False
3735428,116,2023-08-04 14:53:39+00:00,51.0138123,3.7795454,29.0,31.0,293.0,231.0,802.0,796.0,66.0,65.0,60.0,59.0,False
11365979,116,2023-08-07 07:44:31+00:00,50.9788054,3.8005114,43.0,42.0,175.0,162.0,830.0,830.0,89.0,90.0,94.0,93.0,False
14811001,123,2023-03-22 04:42:01+00:00,50.930695,5.3279075,26.0,25.0,324.0,231.0,798.0,803.0,56.0,78.0,50.0,73.0,False
4026151,116,2023-08-29 16:34:56+00:00,50.9191531,3.9482671,40.0,41.0,251.0,186.0,1083.0,1058.0,83.0,83.0,90.0,90.0,False
17308943,123,2023-03-28 16:24:07+00:00,51.1782192,4.821194,37.0,28.0,182.0,189.0,806.0,799.0,81.0,85.0,83.0,86.0,False
13135041,164,2023-02-05 17:46:27+00:00,51.1359681,4.5603927,11.0,16.0,238.0,227.0,801.0,802.0,81.0,79.0,77.0,79.0,False
12745972,155,2023-03-01 18:18:21+00:00,50.7421846,3.6021573,23.0,15.0,200.0,227.0,798.0,807.0,80.0,80.0,84.0,84.0,False
14050266,175,2023-08-18 02:19:54+00:00,51.1907719,5.1138106,23.0,28.0,224.0,258.0,795.0,799.0,82.0,83.0,81.0,80.0,False
11122718,116,2023-06-28 14:58:52+00:00,50.9203444,3.7907358,42.0,41.0,193.0,162.0,807.0,801.0,86.0,85.0,95.0,91.0,False
3694805,116,2023-01-30 04:15:38+00:00,50.7740226,3.8727347,11.0,8.0,324.0,272.0,799.0,796.0,56.0,55.0,48.0,46.0,False
14822911,175,2023-03-10 08:23:16+00:00,50.9349467,5.3086955,12.0,14.0,258.0,300.0,794.0,801.0,77.0,81.0,73.0,76.0,False
5301967,116,2023-03-22 16:00:50+00:00,51.0265867,3.6824495,38.0,38.0,186.0,165.0,794.0,800.0,83.0,82.0,87.0,85.0,False
13200308,155,2023-04-20 10:41:13+00:00,51.0296003,3.746865,38.0,28.0,182.0,203.0,799.0,798.0,86.0,87.0,84.0,89.0,False
4947222,175,2023-04-15 12:15:33+00:00,51.246189,5.5429326,26.0,16.0,224.0,265.0,797.0,796.0,81.0,81.0,81.0,79.0,False
14540977,116,2023-03-03 21:19:39+00:00,50.7824818,3.6194391,40.0,34.0,372.0,327.0,1692.0,1688.0,80.0,81.0,81.0,79.0,False
13024499,116,2023-09-05 13:30:15+00:00,51.0216386,3.7627599,44.0,43.0,189.0,169.0,798.0,801.0,87.0,80.0,86.0,81.0,False
14323168,116,2023-02-16 19:29:59+00:00,51.0791697,3.7165724,35.0,41.0,169.0,158.0,794.0,802.0,89.0,86.0,90.0,86.0,False
15205438,175,2023-08-05 09:43:36+00:00,51.1907827,5.1148757,27.0,21.0,227.0,276.0,805.0,803.0,81.0,81.0,81.0,79.0,False
2887678,175,2023-07-04 14:32:41+00:00,51.0430584,5.2545978,43.0,56.0,365.0,434.0,1618.0,1630.0,86.0,87.0,87.0,87.0,False
4579247,116,2023-05-06 08:38:11+00:00,50.8314203,3.6071132,38.0,41.0,379.0,341.0,1514.0,1493.0,83.0,80.0,85.0,83.0,False
7080750,116,2023-03-21 04:07:56+00:00,51.1798248,3.5763347,18.0,38.0,227.0,175.0,804.0,789.0,77.0,76.0,82.0,79.0,False
7933633,155,2023-09-13 13:20:12+00:00,51.0359014,3.7101337,36.0,32.0,193.0,207.0,799.0,802.0,83.0,86.0,85.0,87.0,False
9737449,116,2023-08-30 07:41:12+00:00,51.0156937,3.7752667,46.0,54.0,0.0,0.0,0.0,0.0,77.0,75.0,81.0,77.0,False
11735274,164,2023-07-27 12:25:05+00:00,51.1367878,4.546331,28.0,26.0,225.0,72.33333333333333,799.3333333333334,266.0,83.0,55.0,83.66666666666667,84.66666666666667,False
13928247,155,2023-06-12 10:54:56+00:00,50.8554375,3.606776,42.0,50.0,345.0,203.0,1500.0,927.0,87.0,87.0,89.0,90.0,False
9576536,164,2023-09-09 06:27:51+00:00,51.1805675,4.82742,25.0,28.0,241.0,248.0,797.0,801.0,81.0,79.0,78.0,79.0,False
4891688,155,2023-06-29 10:04:09+00:00,51.0396555,3.6941316,32.0,41.0,182.0,203.0,802.0,806.0,86.0,87.0,87.0,86.0,False
11180941,155,2023-07-19 03:12:31+00:00,50.7742955,3.8730703,25.0,19.0,324.0,351.0,795.0,798.0,55.0,56.0,52.0,51.0,False
6310888,175,2023-04-02 03:41:11+00:00,51.1711138,4.8016363,15.0,15.0,403.0,445.0,1494.0,1330.0,82.0,83.0,85.0,82.0,False
13239728,175,2023-06-17 07:55:43+00:00,50.936878,5.3074449,25.0,24.0,476.0,503.0,799.0,802.0,47.0,44.0,37.0,35.0,False
13111778,164,2023-02-05 15:52:33+00:00,51.1970248,5.1684887,27.0,18.0,213.0,210.0,800.0,804.0,82.0,81.0,77.0,81.0,False
1840882,155,2023-03-24 11:03:12+00:00,51.0136013,3.7800106,11.0,10.0,589.0,589.0,801.0,801.0,22.0,17.0,14.0,16.0,True
635931,155,2023-02-06 05:32:46+00:00,50.8510493,3.6010273,17.0,6.0,258.0,341.0,796.0,800.0,71.0,59.0,74.0,62.0,False
12924394,155,2023-06-15 14:19:23+00:00,51.1073017,3.9855295,38.0,36.0,182.0,210.0,804.0,795.0,87.0,87.0,86.0,87.0,False
5366912,164,2023-03-01 15:47:45+00:00,51.190567,5.1135939,11.0,21.0,238.0,234.0,798.0,798.0,81.0,79.0,74.0,76.0,False
12918073,155,2023-06-09 11:11:07+00:00,51.0403687,3.6878551,40.0,35.0,234.0,265.0,804.0,801.0,74.0,73.0,70.0,70.0,False
9857438,155,2023-05-23 02:54:42+00:00,51.0841406,3.7181281,26.0,27.0,269.0,262.0,803.0,801.0,67.0,74.0,65.0,74.0,False
14310642,164,2023-09-07 07:22:31+00:00,51.1166325,5.2580479,27.0,40.0,403.0,389.0,1550.0,1577.0,83.0,81.0,82.0,85.0,False
8906043,164,2023-02-27 07:01:06+00:00,51.1689522,4.9889552,17.0,34.0,217.0,213.0,803.0,799.0,78.0,78.0,83.0,85.0,False
5141052,175,2023-02-12 09:47:48+00:00,51.1686825,5.1656377,20.0,26.0,200.0,241.0,796.0,805.0,83.0,86.0,85.0,87.0,False
14000773,164,2023-08-17 07:57:12+00:00,50.9366975,5.3068251,20.0,16.5,339.5,242.0,799.5,400.25,64.5,48.75,53.5,55.75,False
13756418,175,2023-03-15 04:56:53+00:00,51.1908147,5.1137651,6.0,6.0,238.0,289.0,801.0,800.0,82.0,82.0,81.0,79.0,False
3476381,123,2023-04-28 19:55:38+00:00,51.1906211,5.1147608,30.0,22.0,217.0,220.0,797.0,801.0,77.0,79.0,80.0,82.0,False
9083145,116,2023-09-12 03:26:24+00:00,50.8504464,3.6006042,26.0,34.0,220.0,175.0,798.0,793.0,79.0,77.0,79.0,77.0,False
11859805,175,2023-07-18 03:48:18+00:00,51.1882499,5.1013959,20.0,17.0,231.0,293.0,799.0,801.0,82.0,81.0,77.0,76.0,False
7483567,116,2023-05-02 05:45:43+00:00,50.9110012,3.6467964,37.0,34.0,196.0,158.0,803.0,807.0,81.0,83.0,89.0,87.0,False
5857852,175,2023-03-15 01:48:58+00:00,51.1907973,5.1137836,6.0,6.0,382.0,445.0,895.0,799.0,63.0,57.0,49.0,49.0,False
16343507,116,2023-04-26 12:06:25+00:00,50.943058,4.0387259,25.0,42.0,220.0,169.0,804.0,795.0,78.0,77.0,81.0,80.0,False
9908166,164,2023-07-02 18:46:41+00:00,51.1768215,4.8742192,30.0,40.0,351.0,341.0,1281.0,1280.0,84.0,84.0,82.0,83.0,False
8110871,155,2023-06-12 07:30:02+00:00,51.0365092,3.7062998,35.0,38.0,193.0,210.0,798.0,799.0,83.0,86.0,86.0,87.0,False
9674179,155,2023-02-02 17:42:57+00:00,50.7748769,3.8729443,51.0,51.0,0.0,17.0,0.0,0.0,74.0,72.0,74.0,74.0,False
10501748,116,2023-06-05 15:46:46+00:00,50.8173705,3.82363,45.0,43.0,345.0,300.0,1799.0,1813.0,85.0,86.0,91.0,91.0,False
3087814,155,2023-07-27 13:19:39+00:00,51.0404136,3.6929605,22.0,33.0,196.0,217.0,802.0,795.0,80.0,82.0,82.0,83.0,False
9669474,164,2023-02-19 01:46:09+00:00,51.1905574,5.1124596,19.0,23.0,255.0,248.0,800.0,805.0,79.0,79.0,70.0,72.0,False
16019097,164,2023-02-18 14:04:33+00:00,51.1696082,4.9939378,30.0,40.0,386.0,376.0,1496.0,1499.0,86.0,87.0,89.0,89.0,False
14288478,116,2023-09-13 04:17:58+00:00,50.9858448,3.8029752,40.0,40.0,331.0,265.0,1446.0,1452.0,83.0,83.0,90.0,88.0,False
2350824,164,2023-06-30 21:55:38+00:00,51.1597099,4.6658704,37.0,41.0,324.0,189.0,1396.0,813.0,88.0,88.0,87.0,90.0,False
13138793,164,2023-04-20 04:10:36+00:00,51.1788019,5.0479579,22.0,35.0,400.0,200.0,1948.0,803.0,82.0,82.0,79.0,82.0,False
17151971,164,2023-02-04 13:09:04+00:00,51.168225,4.966022,45.0,34.5,381.0,350.0,1948.0,1937.5,86.0,86.0,84.5,87.0,False
11257379,164,2023-05-05 16:23:55+00:00,51.1686065,5.165764,23.0,36.0,220.0,207.0,800.0,811.0,84.0,88.0,84.0,90.0,False
5409734,116,2023-02-09 12:37:44+00:00,51.1113197,3.6937511,43.0,46.0,313.0,262.0,1505.0,1489.0,89.0,85.0,90.0,87.0,False
8069848,164,2023-01-29 09:45:23+00:00,51.2462551,5.5435526,7.0,11.0,234.0,231.0,793.0,797.0,81.0,80.0,79.0,81.0,False
7475617,155,2023-05-31 05:07:18+00:00,51.0446146,3.7493171,34.0,33.0,179.0,200.0,802.0,794.0,87.0,90.0,86.0,89.0,False
10985634,116,2023-02-07 08:21:13+00:00,51.0339362,3.7571917,29.0,42.0,196.0,172.0,805.0,792.0,81.0,77.0,85.0,82.0,False
14278522,155,2023-05-22 00:38:48+00:00,51.0157815,3.7740256,19.0,20.0,324.0,331.0,799.0,797.0,59.0,61.0,57.0,58.0,False
6136516,155,2023-02-21 12:27:08+00:00,51.0147851,3.7776378,16.0,18.0,258.0,331.0,801.0,802.0,72.0,60.0,70.0,59.0,False
9327821,175,2023-02-27 13:56:18+00:00,51.1901572,5.1126751,8.0,7.0,414.0,448.0,802.0,798.0,54.0,53.0,42.0,43.0,False
3855170,116,2023-09-01 07:04:27+00:00,50.9955559,3.6471299,39.0,35.0,365.0,307.0,1499.0,1501.0,86.0,82.0,89.0,90.0,False
550438,116,2023-09-13 04:33:42+00:00,50.8994671,3.8065662,40.0,37.0,331.0,262.0,1498.0,1499.0,89.0,86.0,95.0,92.0,False
11019115,123,2023-02-09 08:34:38+00:00,51.1360592,4.5626753,30.0,26.0,386.0,379.0,1497.0,1500.0,74.0,77.0,76.0,80.0,False
5094649,116,2023-09-07 15:55:38+00:00,51.0326651,3.7392959,42.0,48.0,172.0,155.0,796.0,801.0,87.0,87.0,89.0,88.0,False
11215984,116,2023-07-12 12:53:39+00:00,51.0401063,3.6928506,38.0,37.0,224.0,179.0,801.0,803.0,78.0,76.0,79.0,76.0,False
16918579,123,2023-05-16 12:29:46+00:00,51.1372376,4.5683344,37.0,37.0,348.0,338.0,1346.0,1184.0,79.0,83.0,81.0,84.0,False
5225474,155,2023-06-02 18:39:19+00:00,50.8684867,3.8146778,37.0,33.0,175.0,200.0,787.0,797.0,86.0,86.0,86.0,89.0,False
9984178,175,2023-05-11 11:13:32+00:00,51.1770669,5.1487045,48.0,43.0,379.0,462.0,1928.0,1990.0,85.0,86.0,84.0,83.0,False
4635921,175,2023-05-24 00:40:01+00:00,51.1906779,5.1130139,11.0,18.0,265.0,279.0,800.0,804.0,75.0,82.0,71.0,79.0,False
23701,116,2023-08-23 19:03:58+00:00,51.015562,3.7754654,0.0,0.0,0.0,0.0,0.0,0.0,0.0,0.0,82.0,79.0,True
15184377,123,2023-05-06 10:54:13+00:00,51.0877909,5.2343254,38.0,36.0,369.0,376.0,1742.0,1622.0,81.0,83.0,84.0,89.0,False
9102490,123,2023-02-25 11:28:48+00:00,51.1805635,4.8266215,17.0,24.0,234.0,210.0,802.0,799.0,73.0,81.0,74.0,80.0,False
2949203,116,2023-05-04 02:54:46+00:00,50.851867,3.601998,18.0,26.0,255.0,189.0,800.0,802.0,73.0,73.0,70.0,70.0,False
16289859,164,2023-08-06 19:37:16+00:00,51.1690432,4.7907289,21.0,0.0,389.0,389.0,1499.0,0.0,81.0,0.0,80.0,82.0,True
16235015,155,2023-05-02 10:18:10+00:00,51.0023681,3.7977349,28.0,33.0,403.0,400.0,1720.0,1717.0,82.0,86.0,83.0,84.0,False
7106036,123,2023-03-24 06:18:04+00:00,51.1402948,5.2247103,37.0,36.0,389.0,358.0,1871.0,1860.0,77.0,82.0,73.0,82.0,False
14711034,175,2023-01-26 04:50:24+00:00,51.1909357,5.1144282,35.0,5.0,0.0,279.0,0.0,796.0,31.0,82.0,30.0,79.0,True
2327703,164,2023-02-16 15:09:55+00:00,51.1902952,5.1127398,28.0,35.0,282.0,220.0,1374.0,798.0,82.0,79.0,79.0,80.0,False
7480035,116,2023-05-26 12:59:16+00:00,50.9487685,4.0287507,22.0,23.0,434.0,362.0,796.0,800.0,45.0,45.0,50.0,48.0,False
8494048,164,2023-08-18 07:30:36+00:00,51.1177946,5.2577929,28.0,42.0,393.0,384.0,1592.5,964.0,82.0,80.0,84.0,85.0,False
7532280,116,2023-05-16 08:52:57+00:00,51.0212027,3.763225,27.0,33.0,196.0,169.0,824.0,795.0,87.0,83.0,82.0,81.0,False
2818886,164,2023-05-06 05:52:00+00:00,51.027305,5.3522171,29.0,32.0,203.0,208.5,801.0,802.0,83.0,81.0,81.0,83.0,False
8968917,175,2023-01-23 10:22:38+00:00,51.0914515,5.2351269,13.0,24.0,403.0,458.0,1495.0,1499.0,87.0,87.0,92.0,92.0,False
3781490,123,2023-04-21 17:44:54+00:00,51.2462326,5.5435009,34.0,25.0,224.0,217.0,800.0,798.0,75.0,80.0,79.0,80.0,False
14648937,116,2023-02-14 04:14:46+00:00,50.7980991,3.900246,38.0,34.0,186.0,169.0,791.0,801.0,86.0,84.0,87.0,85.0,False
17476677,116,2023-08-07 23:26:14+00:00,51.0164304,3.7724128,25.0,27.0,231.0,186.0,795.0,800.0,77.0,76.0,73.0,70.0,False
6266807,164,2023-08-26 19:36:57+00:00,51.0895333,5.2347408,33.0,0.0,376.0,0.0,1701.0,1747.0,83.0,81.0,84.0,88.0,False
14119541,155,2023-04-24 16:34:48+00:00,50.8550515,3.8103954,41.0,41.0,303.0,338.0,1557.0,1471.0,89.0,91.0,90.0,90.0,False
3690141,164,2023-01-27 11:33:09+00:00,51.0381955,5.2822728,32.0,13.0,403.0,372.0,1699.0,1727.0,81.0,79.0,83.0,86.0,False
6453992,155,2023-05-03 15:12:09+00:00,51.0731598,3.7273556,35.0,40.0,186.0,207.0,801.0,802.0,86.0,87.0,90.0,90.0,False
2294307,116,2023-09-13 06:29:58+00:00,51.0408598,3.6853563,26.0,42.0,217.0,175.0,798.0,797.0,78.0,77.0,79.0,79.0,False
7392734,164,2023-06-21 07:25:44+00:00,50.9365266,5.3067196,29.0,30.0,244.0,3.0,802.0,0.0,82.0,28.0,77.0,27.0,True
17525410,155,2023-04-07 19:12:28+00:00,50.8686692,3.8143506,21.0,20.0,227.0,276.0,802.0,803.0,74.0,67.0,74.0,73.0,False
7359911,155,2023-04-20 05:16:25+00:00,51.035846,3.7107095,15.0,17.0,220.0,234.0,801.0,797.0,75.0,76.0,78.0,81.0,False
7564780,164,2023-06-15 01:10:53+00:00,51.1907694,5.1142459,22.0,29.0,241.0,231.0,805.0,802.0,82.0,81.0,78.0,79.0,False
6843551,123,2023-03-27 06:44:04+00:00,51.2244572,4.4408627,53.0,54.0,3.0,3.0,0.0,0.0,65.0,74.0,66.0,73.0,False
14010476,116,2023-08-22 09:07:27+00:00,51.0321917,3.7240679,38.0,44.0,193.0,169.0,797.0,800.0,84.0,83.0,87.0,83.0,False
1553164,116,2023-06-09 15:11:31+00:00,51.0399598,3.693371,38.0,42.0,196.0,165.0,802.0,798.0,82.0,82.0,85.0,83.0,False
8956687,164,2023-01-29 04:54:11+00:00,51.1909782,5.1144435,3.0,4.0,248.0,244.0,800.0,802.0,82.0,81.0,76.0,77.0,False
12671051,116,2023-02-27 13:19:01+00:00,50.7799282,3.6185572,34.0,33.0,196.0,169.0,797.0,798.0,80.0,80.0,81.0,80.0,False
7279516,164,2023-08-24 14:32:19+00:00,51.0557804,5.2290374,40.0,42.0,348.0,334.0,1459.0,1483.0,86.0,83.0,85.0,88.0,False
1898204,123,2023-02-07 20:38:27+00:00,51.1539892,4.512897,35.0,30.0,175.0,193.0,807.0,795.0,81.0,79.0,80.0,79.0,False
4174871,175,2023-05-12 04:53:19+00:00,51.2031353,4.4288757,21.0,28.0,220.0,269.0,801.0,796.0,83.0,83.0,83.0,82.0,False
522184,116,2023-05-24 05:26:05+00:00,50.8068438,3.9559785,37.0,32.0,203.0,186.0,844.0,987.0,90.0,90.0,97.0,95.0,False
9028840,164,2023-05-26 18:05:28+00:00,50.9310922,5.3262471,25.0,39.0,238.0,238.0,800.0,804.0,82.0,80.0,79.0,81.0,False
11861831,164,2023-07-25 14:16:11+00:00,51.1757006,4.8840262,40.0,0.0,370.5,0.0,1304.5,0.0,86.0,0.0,85.5,85.5,True
2477253,155,2023-04-18 02:44:50+00:00,50.7702291,3.8715265,24.0,8.0,293.0,355.0,801.0,797.0,65.0,57.0,56.0,53.0,False
4110571,116,2023-07-20 19:01:47+00:00,50.770612,3.87224,37.0,38.0,207.0,172.0,802.0,797.0,78.0,80.0,84.0,84.0,False
14323031,155,2023-02-16 14:06:45+00:00,51.0137931,3.7795753,12.0,15.0,451.0,451.0,800.0,800.0,50.0,52.0,38.0,38.0,False
5685878,116,2023-07-08 12:45:37+00:00,51.0141058,3.7798171,42.0,42.0,217.0,169.0,800.0,804.0,82.0,82.0,82.0,82.0,False
14178276,116,2023-07-11 16:17:12+00:00,50.8537644,3.8104086,47.0,39.0,351.0,296.0,1243.0,1495.0,85.0,87.0,90.0,86.0,False
5101693,155,2023-09-12 02:31:32+00:00,50.8552586,3.6063372,22.0,27.0,345.0,358.0,794.0,805.0,56.0,56.0,52.0,52.0,False
13528546,116,2023-05-16 06:51:06+00:00,50.9417494,3.9785545,36.0,43.0,272.0,224.0,1045.0,1059.0,82.0,79.0,85.0,82.0,False
17118587,116,2023-09-01 03:13:24+00:00,50.7745042,3.8729437,23.0,28.0,262.0,213.0,799.0,801.0,70.0,68.0,65.0,62.0,False
5785318,164,2023-05-31 11:43:10+00:00,51.1902563,5.1127206,28.0,36.0,251.0,251.0,799.0,802.0,82.0,81.0,74.0,78.0,False
14444541,164,2023-08-27 13:26:35+00:00,51.0835158,5.2333249,31.0,21.0,338.0,165.5,1406.0,703.0,85.0,42.5,87.0,88.0,False
7322832,175,2023-04-28 15:45:03+00:00,51.0337413,5.3296712,37.0,26.0,207.0,258.0,800.0,806.0,84.0,83.0,89.0,87.0,False
13378832,123,2023-05-04 16:26:21+00:00,51.0775713,5.2320915,43.0,47.0,203.0,207.0,864.0,868.0,84.0,88.0,85.0,89.0,False
7000825,123,2023-02-20 04:33:21+00:00,51.1357757,4.5587129,33.0,34.0,238.0,213.0,810.0,818.0,78.0,81.0,80.0,85.0,False
6684968,123,2023-06-02 03:40:45+00:00,51.1556819,4.509608,38.0,36.0,189.0,210.0,798.0,808.0,82.0,81.0,80.0,82.0,False
16091405,155,2023-04-15 10:41:38+00:00,51.0162933,3.7725169,25.0,20.0,317.0,320.0,802.0,790.0,57.0,60.0,54.0,58.0,False
7427788,175,2023-07-15 03:39:43+00:00,51.1907893,5.1137923,22.0,25.0,348.0,407.0,801.0,807.0,63.0,60.0,54.0,52.0,False
2306835,175,2023-02-18 19:49:08+00:00,50.9902416,5.3487989,30.0,27.0,196.0,231.0,812.0,807.0,86.0,88.0,91.0,90.0,False
2687080,175,2023-02-13 17:58:17+00:00,51.215077,4.4211463,17.0,20.0,220.0,265.0,799.0,799.0,82.0,81.0,79.0,81.0,False
8631828,175,2023-06-15 06:44:54+00:00,51.1905575,5.1143338,25.0,34.0,224.0,272.0,799.0,804.0,82.0,82.0,79.0,80.0,False
5699661,175,2023-07-13 18:58:12+00:00,51.1905305,5.1142709,33.0,26.0,213.0,269.0,797.0,795.0,82.0,81.0,85.0,84.0,False
15293894,116,2023-04-21 02:46:42+00:00,51.0162144,3.7723335,15.0,20.0,279.0,224.0,800.0,795.0,70.0,65.0,63.0,57.0,False
9404576,155,2023-08-21 03:21:31+00:00,50.8564952,3.6077258,22.0,28.0,282.0,331.0,802.0,796.0,66.0,60.0,65.0,59.0,False
4802695,123,2023-02-09 13:22:42+00:00,51.1481775,4.5242325,34.0,33.0,251.0,220.0,796.0,803.0,66.0,74.0,63.0,70.0,False
3110381,164,2023-03-02 00:38:56+00:00,51.1908006,5.1138147,5.0,18.0,269.0,241.0,799.0,802.0,75.0,79.0,67.0,73.0,False
8038680,164,2023-08-30 13:46:32+00:00,50.9369127,5.3058562,32.0,0.0,10.0,0.0,0.0,0.0,37.0,0.0,31.0,36.0,True
8992037,123,2023-05-12 15:24:22+00:00,51.0326797,5.3466648,38.0,32.0,327.0,358.0,1402.0,1408.0,81.0,82.0,84.0,84.0,False
13551793,155,2023-05-08 05:15:43+00:00,50.834328,3.8125608,37.0,36.0,410.0,427.0,1448.0,1423.0,77.0,81.0,74.0,76.0,False
15646953,164,2023-04-11 15:15:00+00:00,50.9363902,5.3073819,13.0,17.0,6.0,238.0,0.0,805.0,14.0,81.0,8.0,77.0,True
10147411,155,2023-08-13 13:28:24+00:00,50.8513065,3.6013709,40.0,30.0,211.5,227.0,800.5,799.0,82.0,84.0,85.5,87.0,False
16154748,164,2023-07-23 19:19:45+00:00,51.1681886,5.1666437,28.0,37.0,396.0,389.0,1522.0,1583.0,83.0,82.0,83.0,87.0,False
375301,116,2023-07-31 16:05:20+00:00,50.8310522,3.6074288,38.0,48.0,355.0,313.0,1636.0,1651.0,85.0,85.0,87.0,86.0,False
13291596,175,2023-07-16 23:12:35+00:00,51.190777,5.1138302,17.0,17.0,552.0,562.0,798.0,798.0,35.0,33.0,24.0,23.0,True
12782804,175,2023-03-13 10:43:37+00:00,51.1817328,4.8302354,22.0,23.0,234.0,262.0,826.0,804.0,85.0,85.0,87.0,87.0,False
15905057,175,2023-02-21 19:00:22+00:00,51.1897258,5.1101553,13.0,65.0,224.0,10.0,801.0,0.0,82.0,68.0,79.0,70.0,True
5407001,116,2023-02-21 06:36:43+00:00,50.8984602,3.8071383,36.0,36.0,355.0,293.0,1862.0,1684.0,81.0,81.0,87.0,86.0,False
13753423,116,2023-03-13 07:31:55+00:00,50.996817,3.650168,37.0,39.0,300.0,234.0,1295.0,1263.0,83.0,82.0,87.0,87.0,False
3275781,123,2023-05-14 10:05:08+00:00,51.0837677,5.2333619,52.5,36.0,185.5,193.0,802.0,793.0,83.0,85.0,82.5,87.5,False
4494919,155,2023-06-15 04:52:00+00:00,50.9649191,3.7868323,38.0,31.0,172.0,200.0,806.0,798.0,88.0,90.0,89.0,90.0,False
12154518,175,2023-04-06 17:25:16+00:00,51.1899736,5.1100952,11.0,63.0,217.0,13.0,806.0,0.0,82.0,75.0,83.0,76.0,False
15992747,164,2023-09-09 17:37:53+00:00,51.2150255,5.406528,53.0,46.0,389.0,369.0,1802.0,1796.0,87.0,87.0,84.0,85.0,False
13418581,175,2023-05-17 02:52:03+00:00,51.1905469,5.112192,17.0,13.0,227.0,286.0,801.0,806.0,82.0,82.0,82.0,79.0,False
12649840,155,2023-02-10 09:20:23+00:00,51.0028654,3.7967987,27.0,26.0,376.0,448.0,1021.0,1322.0,72.0,73.0,74.0,75.0,False
11083601,123,2023-02-24 18:18:15+00:00,50.9934931,5.3486259,38.0,36.0,441.0,376.0,1927.0,1911.0,71.0,82.0,70.0,86.0,False
405423,175,2023-01-25 20:04:37+00:00,51.1907568,5.1152983,9.0,9.0,224.0,279.0,801.0,791.0,81.0,81.0,82.0,82.0,False
14439938,116,2023-08-08 03:40:21+00:00,51.0358631,3.709588,28.0,30.0,224.0,179.0,796.0,799.0,78.0,77.0,79.0,76.0,False
199222,155,2023-06-20 15:06:31+00:00,50.9966154,3.6497557,37.0,40.0,348.0,365.0,1500.0,1497.0,87.0,89.0,87.0,90.0,False
7004502,155,2023-02-13 15:05:14+00:00,50.7424322,3.6028295,18.0,28.0,227.0,248.0,799.0,803.0,77.0,76.0,79.0,79.0,False
10188065,123,2023-03-02 06:00:00+00:00,51.2149715,4.4207362,9.0,9.0,255.0,217.0,798.0,799.0,67.0,79.0,0.0,79.0,True
8215417,116,2023-02-14 06:17:49+00:00,51.034972,3.7111244,20.0,38.0,200.0,165.0,799.0,797.0,78.0,77.0,82.0,82.0,False
278209,116,2023-09-13 03:57:38+00:00,51.0354988,3.7114235,32.0,43.0,286.0,262.0,1301.0,1287.0,84.0,83.0,87.0,85.0,False
15240838,164,2023-08-12 06:59:55+00:00,51.1863683,5.09047,41.0,38.0,244.0,331.0,804.0,1181.0,83.0,83.0,82.0,85.0,False
17044411,155,2023-05-02 09:04:08+00:00,51.0364804,3.7076554,28.0,28.0,203.0,220.0,798.0,800.0,85.0,86.0,86.0,89.0,False
1336647,155,2023-05-12 08:28:37+00:00,51.0881461,3.71936,35.0,28.0,186.0,203.0,800.0,792.0,87.0,89.0,88.0,92.0,False
5959571,164,2023-06-15 09:37:31+00:00,51.1360091,4.5600398,40.0,43.0,220.0,207.0,801.0,805.0,82.0,81.0,81.0,84.0,False
4871567,155,2023-06-28 13:33:34+00:00,51.0899097,3.7198649,37.0,37.0,303.0,331.0,1115.0,1450.0,86.0,88.0,87.0,90.0,False
8705728,116,2023-03-16 03:45:17+00:00,50.8563889,3.6076588,10.0,20.0,282.0,217.0,782.0,798.0,65.0,64.0,58.0,60.0,False
12352558,175,2023-03-02 17:42:56+00:00,51.1759872,4.8152366,22.0,16.0,203.0,258.0,806.0,802.0,82.0,82.0,83.0,82.0,False
13816614,164,2023-02-03 18:32:36+00:00,51.1907092,5.1134701,15.0,11.0,241.0,112.0,799.0,799.0,81.0,0.0,79.0,82.0,True
8603480,164,2023-04-25 16:33:13+00:00,51.1457423,4.5977899,28.0,41.0,396.0,358.0,1906.0,1896.0,81.0,82.0,77.0,80.0,False
17580406,155,2023-06-21 15:11:28+00:00,50.8520082,3.6021808,31.0,38.0,217.0,248.0,781.0,809.0,78.0,75.0,74.0,74.0,False
15109273,175,2023-03-26 19:52:42+00:00,51.2345798,5.4400305,18.0,16.0,200.0,241.0,794.0,798.0,82.0,83.0,85.0,84.0,False
15661569,123,2023-04-19 16:22:46+00:00,51.1699215,4.7969687,38.0,35.0,207.0,213.0,804.0,816.0,81.0,80.0,81.0,82.0,False
903245,175,2023-06-14 18:28:18+00:00,51.2219881,5.4372951,42.0,35.0,203.0,255.0,801.0,795.0,82.0,82.0,84.0,84.0,False
6345215,155,2023-04-05 19:13:02+00:00,50.8686915,3.8146777,16.0,29.0,227.0,258.0,797.0,813.0,73.0,71.0,77.0,74.0,False
4869487,175,2023-02-02 03:49:46+00:00,51.1908711,5.1146957,12.0,15.0,262.0,313.0,814.0,806.0,71.0,78.0,69.0,71.0,False
4193438,175,2023-05-12 15:23:33+00:00,51.1610755,5.1810421,60.0,62.0,348.0,424.0,1606.0,1646.0,87.0,87.0,90.0,89.0,False
807453,175,2023-04-06 05:22:09+00:00,51.1610277,4.4994034,23.0,11.0,200.0,248.0,804.0,797.0,83.0,85.0,83.0,83.0,False
16540310,155,2023-03-27 10:09:02+00:00,50.9949959,3.6459137,31.0,31.0,362.0,403.0,1719.0,1717.0,83.0,82.0,85.0,85.0,False
5814754,116,2023-09-11 14:50:16+00:00,50.9311962,3.779776,42.0,47.0,313.0,258.0,1405.0,1411.0,86.0,85.0,84.0,83.0,False
9360522,175,2023-01-30 20:53:35+00:00,51.1907932,5.1156384,20.0,13.0,213.0,255.0,803.0,800.0,81.0,82.0,84.0,85.0,False
17379851,155,2023-02-03 17:21:24+00:00,50.7425386,3.6032997,23.0,30.0,213.0,224.0,800.0,801.0,81.0,83.0,85.0,86.0,False
5576248,164,2023-04-05 05:20:54+00:00,51.1220434,5.2568805,7.0,17.0,232.5,224.0,802.5,800.0,81.0,79.0,78.0,79.5,False
7944140,116,2023-09-01 02:59:26+00:00,50.7744826,3.8729502,22.0,28.0,300.0,234.0,799.0,798.0,65.0,62.0,61.0,55.0,False
10423409,164,2023-04-14 16:40:44+00:00,51.1496494,4.6130664,30.0,38.5,422.0,384.0,1958.0,1871.0,82.0,84.0,80.0,82.5,False
8639031,164,2023-06-16 04:12:14+00:00,50.9549378,5.3341351,27.0,29.0,400.0,376.0,1286.0,1297.0,81.0,80.0,77.0,80.0,False
6876075,116,2023-03-07 18:07:38+00:00,50.9300132,3.6397235,40.0,33.0,179.0,186.0,874.0,1526.0,87.0,84.0,93.0,89.0,False
12458402,116,2023-05-15 03:50:44+00:00,50.77421335,3.87289205,15.0,28.0,248.0,191.0,802.5,797.5,73.0,73.0,69.5,68.0,False
2406741,164,2023-01-29 14:33:20+00:00,51.2155703,5.4219539,15.0,18.0,403.0,376.0,1830.0,1843.0,83.0,82.0,84.0,85.0,False
5912352,175,2023-03-02 14:08:56+00:00,51.1905369,5.1141176,27.0,19.0,207.0,258.0,796.0,802.0,82.0,82.0,82.0,82.0,False
15898997,175,2023-02-09 19:22:14+00:00,51.1893561,5.1081001,35.0,38.0,3.0,13.0,0.0,0.0,80.0,80.0,78.0,81.0,False
362598,164,2023-07-30 08:53:54+00:00,51.2459567,5.5405108,38.0,27.0,241.0,238.0,802.0,799.0,81.0,79.0,80.0,78.0,False
14347854,155,2023-02-24 03:36:20+00:00,51.0230537,3.7595256,15.0,8.0,324.0,300.0,801.0,796.0,57.0,65.0,56.0,63.0,False
16232749,175,2023-05-03 01:40:13+00:00,51.1900012,5.1118287,10.0,8.0,307.0,400.0,798.0,805.0,71.0,63.0,63.0,55.0,False
8644367,155,2023-06-22 14:07:04+00:00,50.7791729,3.8745106,35.0,25.0,182.0,207.0,839.0,828.0,89.0,89.0,89.0,86.0,False
14712796,123,2023-01-31 23:14:46+00:00,51.1817471,4.8302584,25.0,28.0,379.0,348.0,1570.0,1524.0,75.0,80.0,79.0,84.0,False
3805082,175,2023-04-19 05:38:26+00:00,51.1175646,5.2578455,26.0,27.0,193.0,227.0,803.0,803.0,83.0,83.0,86.0,85.0,False
11172959,116,2023-07-19 03:15:11+00:00,51.1546118,3.6148225,39.0,37.0,351.0,269.0,1307.0,1279.0,84.0,83.0,86.0,87.0,False
13700563,164,2023-04-01 03:15:21+00:00,51.1705405,4.7996522,25.0,34.0,213.0,217.0,798.0,803.0,83.0,82.0,83.0,84.0,False
456810,175,2023-07-11 12:07:52+00:00,51.1904133,5.1134148,46.0,36.0,224.0,276.0,795.0,805.0,82.0,82.0,81.0,80.0,False
14645425,155,2023-02-10 00:35:12+00:00,51.0166471,3.7717104,26.0,11.0,286.0,327.0,799.0,800.0,64.0,60.0,65.0,62.0,False
3718484,164,2023-08-03 16:47:46+00:00,51.2022222,4.4296037,36.0,34.0,224.0,241.0,864.0,910.0,83.0,81.0,81.0,81.0,False
14452476,164,2023-08-24 13:28:03+00:00,50.9375629,5.3063621,25.0,0.0,353.0,0.0,794.5,0.0,62.0,0.0,47.0,50.5,True
9494849,175,2023-04-03 11:16:39+00:00,50.9365207,5.3067232,17.0,8.0,244.0,269.0,798.0,800.0,76.0,82.0,74.0,77.0,False
6041004,164,2023-07-31 09:34:04+00:00,51.1530032,4.6262387,28.0,40.333333333333336,240.0,243.66666666666663,797.0,1275.0,81.0,83.0,76.0,82.33333333333333,False
3946424,155,2023-06-07 14:08:17+00:00,51.0962831,3.9323117,40.0,46.0,334.0,348.0,1785.0,1772.0,87.0,88.0,90.0,89.0,False
2181788,175,2023-07-07 08:44:06+00:00,50.9899751,5.3487756,34.0,48.0,389.0,455.0,1746.0,1686.0,82.0,83.0,87.0,87.0,False
17146390,116,2023-09-08 14:21:16+00:00,50.9430539,4.0397815,43.0,40.0,186.0,169.0,797.0,802.0,86.0,82.0,85.0,82.0,False
10991181,116,2023-02-23 12:16:55+00:00,50.916854,3.6450947,41.0,37.0,175.0,158.0,795.0,805.0,88.0,87.0,91.0,89.0,False
15001956,123,2023-01-24 16:48:08+00:00,51.1998474,4.431824,23.0,15.0,365.0,351.0,1317.0,1294.0,73.0,77.0,76.0,82.0,False
1304044,155,2023-07-11 03:07:53+00:00,50.7745164,3.8731989,18.0,22.0,351.0,382.0,804.0,798.0,53.0,52.0,49.0,48.0,False
7045396,116,2023-01-27 04:39:03+00:00,50.8545023,3.6053324,13.0,10.0,217.0,179.0,801.0,800.0,78.0,77.0,77.0,76.0,False
8108129,155,2023-06-22 16:45:14+00:00,51.0028412,3.7967941,41.0,33.0,324.0,341.0,1498.0,1497.0,88.0,88.0,91.0,95.0,False
4174425,155,2023-05-23 05:47:47+00:00,50.9320545,3.6388804,30.0,35.0,355.0,362.0,1784.0,1890.0,88.0,90.0,87.0,90.0,False
368054,164,2023-07-27 14:44:15+00:00,51.1446752,5.2154439,43.0,38.0,203.0,196.0,803.0,803.0,83.0,83.0,84.0,85.0,False
10844354,123,2023-03-04 06:46:54+00:00,51.1994241,4.4322378,33.0,23.0,220.0,203.0,808.0,793.0,77.0,81.0,0.0,82.0,True
15510550,175,2023-06-27 11:21:36+00:00,51.2432925,5.5113873,45.0,41.0,393.0,479.0,1822.0,1871.0,85.0,85.0,85.0,84.0,False
16026459,175,2023-02-11 09:31:37+00:00,51.1600341,4.6703144,27.0,18.0,382.0,451.0,1898.0,1930.0,82.0,82.0,82.0,83.0,False
2296985,116,2023-09-07 07:40:34+00:00,50.9718352,3.7926261,42.0,38.0,338.0,296.0,1821.0,1819.0,84.0,85.0,93.0,93.0,False
8636929,116,2023-06-07 02:37:01+00:00,51.0433341,3.7506911,25.0,32.0,213.0,175.0,799.0,797.0,78.0,76.0,81.0,78.0,False
12545675,155,2023-09-13 21:04:17+00:00,51.0201186,3.7645704,40.5,36.0,184.0,207.0,813.5,801.5,86.5,89.5,89.0,90.0,False
13438372,116,2023-07-11 15:55:14+00:00,50.7855672,3.8733274,46.0,76.0,189.0,0.0,801.0,0.0,86.0,73.0,92.0,79.0,True
6764899,155,2023-08-08 07:21:36+00:00,51.0184937,3.7680835,31.0,31.0,258.0,276.0,824.0,865.0,74.0,81.0,79.0,81.0,False
2159745,164,2023-07-19 04:16:43+00:00,51.182967,4.8329791,33.0,36.0,427.0,414.0,1499.0,1500.0,82.0,80.0,81.0,84.0,False
6895283,175,2023-04-25 00:53:32+00:00,51.1907646,5.1138604,8.0,10.0,265.0,276.0,797.0,798.0,70.0,80.0,68.0,74.0,False
4832205,116,2023-02-20 04:41:50+00:00,51.0711044,3.7418618,27.0,34.0,272.0,213.0,791.0,792.0,71.0,68.0,63.0,62.0,False
953493,175,2023-05-18 08:18:26+00:00,50.9368566,5.3057334,36.0,22.0,0.0,300.0,0.0,795.0,32.0,82.0,35.0,77.0,True
2302632,155,2023-02-26 09:53:52+00:00,51.023385,3.7594488,26.0,20.0,269.0,262.0,804.0,803.0,68.0,76.0,67.0,73.0,False
13993293,175,2023-08-20 05:39:58+00:00,51.033687,5.3302335,23.0,33.0,200.0,244.0,795.0,801.0,82.0,82.0,87.0,85.0,False
14102896,155,2023-04-25 21:36:56+00:00,50.898636,3.807002,36.0,31.0,334.0,345.0,1721.0,1712.0,84.0,86.0,87.0,89.0,False
4117291,155,2023-07-17 01:50:15+00:00,50.8565392,3.6078876,22.0,25.0,300.0,338.0,802.0,809.0,59.0,57.0,56.0,54.0,False
9817736,155,2023-05-30 18:34:14+00:00,50.8515263,3.60142,38.0,25.0,200.0,213.0,803.0,797.0,81.0,85.0,85.0,85.0,False
13401412,116,2023-05-12 04:23:36+00:00,50.9967402,3.6499905,36.0,37.0,189.0,165.0,797.0,805.0,85.0,83.0,88.0,88.0,False
4811456,164,2023-02-06 00:35:34+00:00,51.1902609,5.1133235,8.0,6.0,238.0,220.0,799.0,792.0,83.0,83.0,77.0,81.0,False
3700117,164,2023-01-28 03:43:59+00:00,51.1909292,5.114371,15.0,8.0,251.0,248.0,798.0,803.0,82.0,81.0,76.0,77.0,False
8043731,155,2023-04-16 14:21:56+00:00,51.0385852,3.6966882,24.0,22.0,334.0,345.0,804.0,801.0,55.0,57.0,52.0,57.0,False
11634107,164,2023-02-16 07:29:55+00:00,51.0337496,5.3297375,23.0,36.0,224.0,213.0,801.0,803.0,82.0,82.0,82.0,82.0,False
2405776,116,2023-01-30 03:25:39+00:00,50.7740417,3.8727298,0.0,3.0,0.0,555.0,0.0,800.0,0.0,5.0,6.0,3.0,True
2180703,175,2023-07-03 21:28:39+00:00,51.1906778,5.1130593,18.0,18.0,534.0,541.0,801.0,801.0,38.0,36.0,25.0,23.0,True
10945032,164,2023-03-28 11:42:12+00:00,51.1197292,5.2574379,28.0,28.666666666666668,391.6666666666667,370.0,1790.3333333333333,1234.0,82.0,55.333333333333336,82.66666666666667,87.0,False
1994135,116,2023-01-25 07:14:10+00:00,50.9044853,3.6456672,35.0,12.0,189.0,172.0,791.0,804.0,85.0,82.0,88.0,86.0,False
1251009,116,2023-01-25 13:01:19+00:00,51.0168532,3.7710329,11.0,12.0,320.0,265.0,794.0,800.0,59.0,58.0,53.0,51.0,False
16097135,175,2023-04-22 17:19:23+00:00,51.1739363,4.9033787,27.0,28.0,362.0,424.0,1497.0,1498.0,86.0,88.0,91.0,93.0,False
4142482,164,2023-07-19 01:51:39+00:00,51.1907839,5.1137879,21.0,22.0,255.0,248.0,801.0,801.0,83.0,81.0,79.0,79.0,False
16538388,175,2023-03-06 21:22:37+00:00,50.9370059,5.3071145,6.0,9.0,313.0,365.0,803.0,803.0,68.0,69.0,61.0,60.0,False
11870982,164,2023-07-01 20:53:23+00:00,51.1678234,4.9791994,33.0,33.0,372.0,3.0,1499.0,0.0,87.0,30.0,84.0,44.0,True
13311747,164,2023-07-03 01:28:40+00:00,51.1901438,5.1125522,53.0,0.0,6.0,0.0,0.0,0.0,44.0,0.0,47.5,49.5,True
10510631,116,2023-06-07 03:58:58+00:00,51.0385072,3.6983479,26.0,37.0,210.0,169.0,788.0,796.0,79.0,77.0,81.0,81.0,False
